<?xml version="1.0" encoding="UTF-8"?>
<addon
  id="skin.stubebox.omega"
  version="21.3.7a"
  name="STUBE.BOX.omega.SKIN"
  provider-name="Adrian - Skin-Mod for STUBE.BOX">
	<requires>
		<import addon="xbmc.gui" version="5.17.0"/>
	</requires>
	<extension
	  point="xbmc.gui.skin"
	  debugging="false"
	  effectslowdown="0.35">
		<res width="1920" height="1080" aspect="16:9" default="true" folder="1080i" />
	</extension>
	<extension point="xbmc.addon.metadata">
		<summary lang="de_DE">STUBE.BOXomega Skin</summary>
		<platform>all</platform>
		<license>GNU GENERAL PUBLIC LICENSE. Version 2, June 1991</license>
		<forum></forum>
		<website></website>
		<email></email>
		<source>https://github.com/braz96/skin.mimic</source>
		<assets>
			<icon>resources/icon.png</icon>
		</assets>
	</extension>
</addon>
