<?xml version="1.0" encoding="UTF-8"?>
<addon id="plugin.video.mediabox" name="MEDIA.BOX" version="21.1.7" provider-name="TEAM.STUBE">
    <requires>
<import addon="xbmc.python" version="3.0.0"/>
    </requires>
    <extension point="xbmc.python.pluginsource" library="default.py">
        <provides>video</provides>
    </extension>
    <extension point="xbmc.addon.metadata">
        <platform>all</platform>
        <summary lang="en">MEDIA.BOX</summary>
        <summary lang="de">MEDIA.BOX</summary>
        <language>de</language>
        <description lang="en">KODI-VAVOO-TV-Stube</description>
        <description lang="de">KODI-VAVOO-TV-Stube</description>
        <assets>
            <icon>icon.png</icon>
            <fanart>fanart.jpg</fanart>
        </assets>
        <source></source>
        <forum></forum>
        <email></email>
        <website></website>
    </extension>
</addon>
